ACCT_ID,BILLING_REF,PROVINCE,PLAN_CD,PLAN_FEE,INCLUDED_GB,PREV_PLAN_FEE,PLAN_CHG_DAY,LINE_CNT,PROMO_AMT,PROMO_DT,SUSP_START,SUSP_END,PRIOR_BAL,PRIOR_DUE,LOYALTY_PCT
BEACON-004417,TN-0001,BC,ENT-5000,4200.0,5000,2400.0,4,14,350.0,2026-06-24,0,0,700.9,2026-06-30,4.0
MER-011000,TN-0002,AB,ENT-2500,2400.0,2500,0.0,0,1,200.0,2026-06-24,0,0,0.0,,4.0
MER-011007,TN-0003,ON,ENT-1000,1150.0,1000,0.0,0,2,0.0,,0,0,0.0,,3.0
MER-011014,TN-0004,QC,BIZ-500,640.0,500,380.0,9,11,0.0,,0,0,1895.1,2026-06-25,5.0
MER-011021,TN-0005,BC,BIZ-250,380.0,250,0.0,0,1,120.0,2026-07-12,0,0,0.0,,3.0
MER-011028,TN-0006,AB,ENT-5000,4200.0,5000,0.0,0,14,350.0,2026-07-18,0,0,236.84,2026-06-19,4.0
MER-011035,TN-0007,ON,ENT-2500,2400.0,2500,1150.0,21,4,0.0,,0,0,0.0,,0.0
MER-011042,TN-0008,QC,ENT-1000,1150.0,1000,0.0,0,11,0.0,,11,14,0.0,,8.0
MER-011049,TN-0009,BC,BIZ-500,640.0,500,0.0,0,11,200.0,2026-07-06,0,0,2508.65,2026-06-25,0.0
MER-011056,TN-0010,AB,BIZ-250,380.0,250,4200.0,4,6,75.0,2026-06-29,0,0,0.0,,3.0
MER-011063,TN-0011,ON,ENT-5000,4200.0,5000,0.0,0,14,0.0,,0,0,1636.44,2026-06-30,5.0
MER-011070,TN-0012,QC,ENT-2500,2400.0,2500,0.0,0,8,0.0,,0,0,0.0,,8.0
MER-011077,TN-0013,BC,ENT-1000,1150.0,1000,640.0,26,8,120.0,2026-07-12,0,0,0.0,,0.0
MER-011084,TN-0014,AB,BIZ-500,640.0,500,0.0,0,2,75.0,2026-07-18,0,0,872.6,2026-06-14,5.0
MER-011091,TN-0015,ON,BIZ-250,380.0,250,0.0,0,4,0.0,,0,0,0.0,,8.0
MER-011098,TN-0016,QC,ENT-5000,4200.0,5000,2400.0,17,2,0.0,,0,0,687.19,2026-06-14,0.0
MER-011105,TN-0017,BC,ENT-2500,2400.0,2500,0.0,0,4,75.0,2026-07-18,0,0,0.0,,4.0
MER-011112,TN-0018,AB,ENT-1000,1150.0,1000,0.0,0,11,350.0,2026-07-06,0,0,0.0,,4.0
MER-011119,TN-0019,ON,BIZ-500,640.0,500,380.0,21,11,0.0,,0,0,887.47,2026-06-25,0.0
MER-011126,TN-0020,QC,BIZ-250,380.0,250,0.0,0,22,0.0,,0,0,0.0,,0.0
MER-011133,TN-0021,BC,ENT-5000,4200.0,5000,0.0,0,22,350.0,2026-06-22,0,0,888.36,2026-06-19,4.0
MER-011140,TN-0022,AB,ENT-2500,2400.0,2500,1150.0,4,14,75.0,2026-07-18,0,0,0.0,,5.0
MER-011147,TN-0023,ON,ENT-1000,1150.0,1000,0.0,0,22,0.0,,0,0,0.0,,8.0
MER-011154,TN-0024,QC,BIZ-500,640.0,500,0.0,0,11,0.0,,0,0,1497.69,2026-06-19,5.0
MER-011161,TN-0025,BC,BIZ-250,380.0,250,4200.0,12,6,200.0,2026-06-22,0,0,0.0,,0.0
MER-011168,TN-0026,AB,ENT-5000,4200.0,5000,0.0,0,11,120.0,2026-07-18,0,0,2335.21,2026-06-25,3.0
MER-011175,TN-0027,ON,ENT-2500,2400.0,2500,0.0,0,6,0.0,,0,0,0.0,,8.0
MER-011182,TN-0028,QC,ENT-1000,1150.0,1000,640.0,4,4,0.0,,0,0,0.0,,0.0
MER-011189,TN-0029,BC,BIZ-500,640.0,500,0.0,0,8,75.0,2026-06-22,0,0,570.87,2026-06-25,4.0
MER-011196,TN-0030,AB,BIZ-250,380.0,250,0.0,0,1,75.0,2026-06-24,0,0,0.0,,0.0
MER-011203,TN-0031,ON,ENT-5000,4200.0,5000,2400.0,26,11,0.0,,0,0,472.9,2026-06-14,5.0
MER-011210,TN-0032,QC,ENT-2500,2400.0,2500,0.0,0,14,0.0,,0,0,0.0,,5.0
MER-011217,TN-0033,BC,ENT-1000,1150.0,1000,0.0,0,14,200.0,2026-06-22,18,21,0.0,,5.0
MER-011224,TN-0034,AB,BIZ-500,640.0,500,380.0,4,22,350.0,2026-06-22,0,0,1764.37,2026-06-19,5.0
MER-011231,TN-0035,ON,BIZ-250,380.0,250,0.0,0,11,0.0,,0,0,0.0,,3.0
MER-011238,TN-0036,QC,ENT-5000,4200.0,5000,0.0,0,22,0.0,,0,0,1966.94,2026-06-19,3.0
MER-011245,TN-0037,BC,ENT-2500,2400.0,2500,1150.0,21,14,350.0,2026-06-29,0,0,0.0,,4.0
MER-011252,TN-0038,AB,ENT-1000,1150.0,1000,0.0,0,2,120.0,2026-06-29,0,0,0.0,,8.0
MER-011259,TN-0039,ON,BIZ-500,640.0,500,0.0,0,1,0.0,,0,0,397.99,2026-06-10,5.0
MER-011266,TN-0040,QC,BIZ-250,380.0,250,4200.0,12,22,0.0,,0,0,0.0,,5.0
MER-011273,TN-0041,BC,ENT-5000,4200.0,5000,0.0,0,4,350.0,2026-07-12,0,0,918.51,2026-06-25,5.0
MER-011280,TN-0042,AB,ENT-2500,2400.0,2500,0.0,0,11,200.0,2026-06-29,0,0,0.0,,3.0
MER-011287,TN-0043,ON,ENT-1000,1150.0,1000,640.0,12,11,0.0,,0,0,0.0,,3.0
MER-011294,TN-0044,QC,BIZ-500,640.0,500,0.0,0,2,0.0,,0,0,552.07,2026-06-25,3.0
MER-011301,TN-0045,BC,BIZ-250,380.0,250,0.0,0,3,120.0,2026-07-06,0,0,0.0,,3.0
MER-011308,TN-0046,AB,ENT-5000,4200.0,5000,2400.0,17,8,120.0,2026-06-27,0,0,2479.5,2026-06-25,8.0
MER-011315,TN-0047,ON,ENT-2500,2400.0,2500,0.0,0,4,0.0,,0,0,0.0,,3.0
MER-011322,TN-0048,QC,ENT-1000,1150.0,1000,0.0,0,2,0.0,,0,0,0.0,,5.0
MER-011329,TN-0049,BC,BIZ-500,640.0,500,380.0,12,14,75.0,2026-07-12,0,0,2448.06,2026-06-14,4.0
MER-011336,TN-0050,AB,BIZ-250,380.0,250,0.0,0,4,120.0,2026-07-12,0,0,0.0,,4.0
MER-011343,TN-0051,ON,ENT-5000,4200.0,5000,0.0,0,11,0.0,,0,0,803.27,2026-06-14,4.0
MER-011350,TN-0052,QC,ENT-2500,2400.0,2500,1150.0,12,14,0.0,,0,0,0.0,,0.0
MER-011357,TN-0053,BC,ENT-1000,1150.0,1000,0.0,0,1,75.0,2026-07-18,0,0,0.0,,4.0
MER-011364,TN-0054,AB,BIZ-500,640.0,500,0.0,0,6,350.0,2026-07-18,0,0,416.29,2026-06-14,8.0
MER-011371,TN-0055,ON,BIZ-250,380.0,250,4200.0,4,11,0.0,,0,0,0.0,,0.0
MER-011378,TN-0056,QC,ENT-5000,4200.0,5000,0.0,0,14,0.0,,0,0,1551.68,2026-06-14,5.0
MER-011385,TN-0057,BC,ENT-2500,2400.0,2500,0.0,0,14,350.0,2026-07-06,0,0,0.0,,5.0
MER-011392,TN-0058,AB,ENT-1000,1150.0,1000,640.0,12,6,120.0,2026-07-06,11,20,0.0,,4.0
MER-011399,TN-0059,ON,BIZ-500,640.0,500,0.0,0,2,0.0,,0,0,510.42,2026-06-10,0.0
MER-011406,TN-0060,QC,BIZ-250,380.0,250,0.0,0,4,0.0,,0,0,0.0,,3.0
MER-011413,TN-0061,BC,ENT-5000,4200.0,5000,2400.0,4,8,120.0,2026-06-27,0,0,994.25,2026-06-19,8.0
MER-011420,TN-0062,AB,ENT-2500,2400.0,2500,0.0,0,11,75.0,2026-06-27,0,0,0.0,,5.0
MER-011427,TN-0063,ON,ENT-1000,1150.0,1000,0.0,0,22,0.0,,0,0,0.0,,4.0
MER-011434,TN-0064,QC,BIZ-500,640.0,500,380.0,26,2,0.0,,0,0,1064.47,2026-06-14,0.0
MER-011441,TN-0065,BC,BIZ-250,380.0,250,0.0,0,3,75.0,2026-07-18,0,0,0.0,,5.0
MER-011448,TN-0066,AB,ENT-5000,4200.0,5000,0.0,0,4,75.0,2026-07-06,0,0,685.71,2026-06-10,3.0
MER-011455,TN-0067,ON,ENT-2500,2400.0,2500,1150.0,21,4,0.0,,0,0,0.0,,3.0
MER-011462,TN-0068,QC,ENT-1000,1150.0,1000,0.0,0,14,0.0,,0,0,0.0,,5.0
MER-011469,TN-0069,BC,BIZ-500,640.0,500,0.0,0,2,120.0,2026-06-24,0,0,422.92,2026-06-10,4.0
MER-011476,TN-0070,AB,BIZ-250,380.0,250,4200.0,4,6,350.0,2026-07-18,0,0,0.0,,0.0
MER-011483,TN-0071,ON,ENT-5000,4200.0,5000,0.0,0,6,0.0,,0,0,377.4,2026-06-19,5.0
MER-011490,TN-0072,QC,ENT-2500,2400.0,2500,0.0,0,11,0.0,,0,0,0.0,,4.0
MER-011497,TN-0073,BC,ENT-1000,1150.0,1000,640.0,21,3,200.0,2026-06-27,0,0,0.0,,8.0
MER-011504,TN-0074,AB,BIZ-500,640.0,500,0.0,0,6,75.0,2026-06-22,0,0,849.11,2026-06-25,5.0
MER-011511,TN-0075,ON,BIZ-250,380.0,250,0.0,0,11,0.0,,0,0,0.0,,0.0
MER-011518,TN-0076,QC,ENT-5000,4200.0,5000,2400.0,21,2,0.0,,0,0,1261.49,2026-06-19,3.0
MER-011525,TN-0077,BC,ENT-2500,2400.0,2500,0.0,0,6,75.0,2026-06-22,0,0,0.0,,8.0
MER-011532,TN-0078,AB,ENT-1000,1150.0,1000,0.0,0,6,75.0,2026-06-27,0,0,0.0,,8.0
MER-011539,TN-0079,ON,BIZ-500,640.0,500,380.0,21,6,0.0,,0,0,2372.77,2026-06-30,3.0
MER-011546,TN-0080,QC,BIZ-250,380.0,250,0.0,0,4,0.0,,0,0,0.0,,3.0
MER-011553,TN-0081,BC,ENT-5000,4200.0,5000,0.0,0,1,200.0,2026-06-22,0,0,2204.85,2026-06-19,5.0
MER-011560,TN-0082,AB,ENT-2500,2400.0,2500,1150.0,9,4,120.0,2026-06-27,0,0,0.0,,4.0
MER-011567,TN-0083,ON,ENT-1000,1150.0,1000,0.0,0,3,0.0,,18,27,0.0,,4.0
MER-011574,TN-0084,QC,BIZ-500,640.0,500,0.0,0,2,0.0,,0,0,2570.96,2026-06-19,4.0
MER-011581,TN-0085,BC,BIZ-250,380.0,250,4200.0,17,8,350.0,2026-06-29,0,0,0.0,,5.0
MER-011588,TN-0086,AB,ENT-5000,4200.0,5000,0.0,0,4,75.0,2026-07-18,0,0,1941.29,2026-06-14,4.0
MER-011595,TN-0087,ON,ENT-2500,2400.0,2500,0.0,0,3,0.0,,0,0,0.0,,5.0
MER-011602,TN-0088,QC,ENT-1000,1150.0,1000,640.0,9,1,0.0,,0,0,0.0,,8.0
MER-011609,TN-0089,BC,BIZ-500,640.0,500,0.0,0,2,200.0,2026-06-24,0,0,2527.92,2026-06-10,8.0
MER-011616,TN-0090,AB,BIZ-250,380.0,250,0.0,0,3,200.0,2026-07-06,0,0,0.0,,0.0
MER-011623,TN-0091,ON,ENT-5000,4200.0,5000,2400.0,9,11,0.0,,0,0,489.1,2026-06-14,3.0
MER-011630,TN-0092,QC,ENT-2500,2400.0,2500,0.0,0,6,0.0,,0,0,0.0,,8.0
MER-011637,TN-0093,BC,ENT-1000,1150.0,1000,0.0,0,22,120.0,2026-07-12,0,0,0.0,,5.0
MER-011644,TN-0094,AB,BIZ-500,640.0,500,380.0,17,3,120.0,2026-07-12,0,0,885.85,2026-06-10,0.0
MER-011651,TN-0095,ON,BIZ-250,380.0,250,0.0,0,3,0.0,,0,0,0.0,,8.0
MER-011658,TN-0096,QC,ENT-5000,4200.0,5000,0.0,0,6,0.0,,0,0,494.79,2026-06-10,8.0
MER-011665,TN-0097,BC,ENT-2500,2400.0,2500,1150.0,12,6,200.0,2026-06-24,0,0,0.0,,4.0
MER-011672,TN-0098,AB,ENT-1000,1150.0,1000,0.0,0,6,350.0,2026-06-29,0,0,0.0,,8.0
MER-011679,TN-0099,ON,BIZ-500,640.0,500,0.0,0,2,0.0,,0,0,1704.41,2026-06-25,4.0
MER-011686,TN-0100,QC,BIZ-250,380.0,250,4200.0,9,22,0.0,,0,0,0.0,,3.0
MER-011693,TN-0101,BC,ENT-5000,4200.0,5000,0.0,0,6,350.0,2026-06-24,0,0,198.32,2026-06-30,3.0
MER-011700,TN-0102,AB,ENT-2500,2400.0,2500,0.0,0,14,350.0,2026-06-27,0,0,0.0,,4.0
MER-011707,TN-0103,ON,ENT-1000,1150.0,1000,640.0,12,8,0.0,,0,0,0.0,,0.0
MER-011714,TN-0104,QC,BIZ-500,640.0,500,0.0,0,6,0.0,,0,0,1773.47,2026-06-30,4.0
MER-011721,TN-0105,BC,BIZ-250,380.0,250,0.0,0,11,200.0,2026-06-29,0,0,0.0,,8.0
MER-011728,TN-0106,AB,ENT-5000,4200.0,5000,2400.0,12,4,75.0,2026-06-24,0,0,931.18,2026-06-30,3.0
MER-011735,TN-0107,ON,ENT-2500,2400.0,2500,0.0,0,22,0.0,,0,0,0.0,,8.0
MER-011742,TN-0108,QC,ENT-1000,1150.0,1000,0.0,0,6,0.0,,11,14,0.0,,0.0
MER-011749,TN-0109,BC,BIZ-500,640.0,500,380.0,12,11,200.0,2026-07-06,0,0,921.65,2026-06-19,8.0
MER-011756,TN-0110,AB,BIZ-250,380.0,250,0.0,0,4,75.0,2026-07-06,0,0,0.0,,4.0
MER-011763,TN-0111,ON,ENT-5000,4200.0,5000,0.0,0,2,0.0,,0,0,2270.68,2026-06-30,5.0
MER-011770,TN-0112,QC,ENT-2500,2400.0,2500,1150.0,17,3,0.0,,0,0,0.0,,8.0
MER-011777,TN-0113,BC,ENT-1000,1150.0,1000,0.0,0,4,200.0,2026-06-24,0,0,0.0,,4.0
MER-011784,TN-0114,AB,BIZ-500,640.0,500,0.0,0,6,120.0,2026-06-24,0,0,410.03,2026-06-30,3.0
MER-011791,TN-0115,ON,BIZ-250,380.0,250,4200.0,21,11,0.0,,0,0,0.0,,4.0
MER-011798,TN-0116,QC,ENT-5000,4200.0,5000,0.0,0,14,0.0,,0,0,1596.29,2026-06-25,0.0
MER-011805,TN-0117,BC,ENT-2500,2400.0,2500,0.0,0,14,75.0,2026-06-22,0,0,0.0,,3.0
MER-011812,TN-0118,AB,ENT-1000,1150.0,1000,640.0,17,1,120.0,2026-06-24,0,0,0.0,,4.0
MER-011819,TN-0119,ON,BIZ-500,640.0,500,0.0,0,11,0.0,,0,0,1231.98,2026-06-30,4.0
MER-011826,TN-0120,QC,BIZ-250,380.0,250,0.0,0,1,0.0,,0,0,0.0,,0.0
MER-011833,TN-0121,BC,ENT-5000,4200.0,5000,2400.0,12,1,350.0,2026-07-06,0,0,377.62,2026-06-25,0.0
MER-011840,TN-0122,AB,ENT-2500,2400.0,2500,0.0,0,11,120.0,2026-06-27,0,0,0.0,,8.0
MER-011847,TN-0123,ON,ENT-1000,1150.0,1000,0.0,0,2,0.0,,0,0,0.0,,8.0
MER-011854,TN-0124,QC,BIZ-500,640.0,500,380.0,21,4,0.0,,0,0,2186.15,2026-06-10,8.0
MER-011861,TN-0125,BC,BIZ-250,380.0,250,0.0,0,1,75.0,2026-06-27,0,0,0.0,,3.0
MER-011868,TN-0126,AB,ENT-5000,4200.0,5000,0.0,0,11,75.0,2026-07-12,0,0,1971.32,2026-06-10,5.0
MER-011875,TN-0127,ON,ENT-2500,2400.0,2500,1150.0,26,8,0.0,,0,0,0.0,,4.0
MER-011882,TN-0128,QC,ENT-1000,1150.0,1000,0.0,0,3,0.0,,0,0,0.0,,0.0
MER-011889,TN-0129,BC,BIZ-500,640.0,500,0.0,0,4,75.0,2026-06-27,0,0,1346.81,2026-06-25,8.0
MER-011896,TN-0130,AB,BIZ-250,380.0,250,4200.0,26,1,200.0,2026-07-12,0,0,0.0,,0.0
MER-011903,TN-0131,ON,ENT-5000,4200.0,5000,0.0,0,3,0.0,,0,0,1479.51,2026-06-10,4.0
MER-011910,TN-0132,QC,ENT-2500,2400.0,2500,0.0,0,6,0.0,,0,0,0.0,,8.0
MER-011917,TN-0133,BC,ENT-1000,1150.0,1000,640.0,17,2,75.0,2026-06-24,6,9,0.0,,3.0
MER-011924,TN-0134,AB,BIZ-500,640.0,500,0.0,0,4,350.0,2026-06-29,0,0,297.97,2026-06-30,3.0
MER-011931,TN-0135,ON,BIZ-250,380.0,250,0.0,0,22,0.0,,0,0,0.0,,8.0
MER-011938,TN-0136,QC,ENT-5000,4200.0,5000,2400.0,17,4,0.0,,0,0,1821.49,2026-06-19,4.0
MER-011945,TN-0137,BC,ENT-2500,2400.0,2500,0.0,0,14,75.0,2026-06-24,0,0,0.0,,5.0
MER-011952,TN-0138,AB,ENT-1000,1150.0,1000,0.0,0,1,75.0,2026-07-18,0,0,0.0,,8.0
MER-011959,TN-0139,ON,BIZ-500,640.0,500,380.0,4,6,0.0,,0,0,943.43,2026-06-14,0.0
MER-011966,TN-0140,QC,BIZ-250,380.0,250,0.0,0,6,0.0,,0,0,0.0,,5.0
MER-011973,TN-0141,BC,ENT-5000,4200.0,5000,0.0,0,8,75.0,2026-06-24,0,0,678.19,2026-06-30,8.0
MER-011980,TN-0142,AB,ENT-2500,2400.0,2500,1150.0,9,6,120.0,2026-06-22,0,0,0.0,,4.0
MER-011987,TN-0143,ON,ENT-1000,1150.0,1000,0.0,0,3,0.0,,0,0,0.0,,5.0
MER-011994,TN-0144,QC,BIZ-500,640.0,500,0.0,0,6,0.0,,0,0,1917.4,2026-06-14,5.0
MER-012001,TN-0145,BC,BIZ-250,380.0,250,4200.0,17,11,350.0,2026-07-06,0,0,0.0,,0.0
MER-012008,TN-0146,AB,ENT-5000,4200.0,5000,0.0,0,22,75.0,2026-07-12,0,0,2499.34,2026-06-10,3.0
MER-012015,TN-0147,ON,ENT-2500,2400.0,2500,0.0,0,3,0.0,,0,0,0.0,,3.0
MER-012022,TN-0148,QC,ENT-1000,1150.0,1000,640.0,17,8,0.0,,0,0,0.0,,3.0
MER-012029,TN-0149,BC,BIZ-500,640.0,500,0.0,0,4,75.0,2026-06-22,0,0,492.26,2026-06-14,0.0
MER-012036,TN-0150,AB,BIZ-250,380.0,250,0.0,0,2,75.0,2026-06-29,0,0,0.0,,3.0
MER-012043,TN-0151,ON,ENT-5000,4200.0,5000,2400.0,12,6,0.0,,0,0,2380.56,2026-06-10,4.0
MER-012050,TN-0152,QC,ENT-2500,2400.0,2500,0.0,0,3,0.0,,0,0,0.0,,5.0
MER-012057,TN-0153,BC,ENT-1000,1150.0,1000,0.0,0,8,120.0,2026-07-18,0,0,0.0,,8.0
MER-012064,TN-0154,AB,BIZ-500,640.0,500,380.0,21,2,120.0,2026-07-06,0,0,920.88,2026-06-14,4.0
MER-012071,TN-0155,ON,BIZ-250,380.0,250,0.0,0,2,0.0,,0,0,0.0,,8.0
MER-012078,TN-0156,QC,ENT-5000,4200.0,5000,0.0,0,3,0.0,,0,0,2026.78,2026-06-10,3.0
MER-012085,TN-0157,BC,ENT-2500,2400.0,2500,1150.0,4,22,200.0,2026-07-18,0,0,0.0,,4.0
MER-012092,TN-0158,AB,ENT-1000,1150.0,1000,0.0,0,22,200.0,2026-07-18,18,27,0.0,,4.0
MER-012099,TN-0159,ON,BIZ-500,640.0,500,0.0,0,3,0.0,,0,0,841.36,2026-06-25,4.0
MER-012106,TN-0160,QC,BIZ-250,380.0,250,4200.0,12,1,0.0,,0,0,0.0,,4.0
MER-012113,TN-0161,BC,ENT-5000,4200.0,5000,0.0,0,3,75.0,2026-07-12,0,0,1604.28,2026-06-19,5.0
MER-012120,TN-0162,AB,ENT-2500,2400.0,2500,0.0,0,14,75.0,2026-07-12,0,0,0.0,,3.0
MER-012127,TN-0163,ON,ENT-1000,1150.0,1000,640.0,12,1,0.0,,0,0,0.0,,8.0
MER-012134,TN-0164,QC,BIZ-500,640.0,500,0.0,0,2,0.0,,0,0,209.39,2026-06-19,3.0
MER-012141,TN-0165,BC,BIZ-250,380.0,250,0.0,0,3,120.0,2026-06-24,0,0,0.0,,0.0
MER-012148,TN-0166,AB,ENT-5000,4200.0,5000,2400.0,4,6,120.0,2026-07-18,0,0,781.83,2026-06-10,3.0
MER-012155,TN-0167,ON,ENT-2500,2400.0,2500,0.0,0,1,0.0,,0,0,0.0,,3.0
MER-012162,TN-0168,QC,ENT-1000,1150.0,1000,0.0,0,6,0.0,,0,0,0.0,,0.0
MER-012169,TN-0169,BC,BIZ-500,640.0,500,380.0,21,8,200.0,2026-06-24,0,0,2172.44,2026-06-25,8.0
MER-012176,TN-0170,AB,BIZ-250,380.0,250,0.0,0,2,200.0,2026-07-12,0,0,0.0,,0.0
MER-012183,TN-0171,ON,ENT-5000,4200.0,5000,0.0,0,11,0.0,,0,0,2309.07,2026-06-25,4.0
MER-012190,TN-0172,QC,ENT-2500,2400.0,2500,1150.0,26,2,0.0,,0,0,0.0,,5.0
MER-012197,TN-0173,BC,ENT-1000,1150.0,1000,0.0,0,4,120.0,2026-07-06,0,0,0.0,,4.0
MER-012204,TN-0174,AB,BIZ-500,640.0,500,0.0,0,3,75.0,2026-06-24,0,0,1670.63,2026-06-10,5.0
MER-012211,TN-0175,ON,BIZ-250,380.0,250,4200.0,12,6,0.0,,0,0,0.0,,8.0
MER-012218,TN-0176,QC,ENT-5000,4200.0,5000,0.0,0,8,0.0,,0,0,1658.11,2026-06-14,8.0
MER-012225,TN-0177,BC,ENT-2500,2400.0,2500,0.0,0,6,350.0,2026-06-27,0,0,0.0,,4.0
MER-012232,TN-0178,AB,ENT-1000,1150.0,1000,640.0,26,8,75.0,2026-06-24,0,0,0.0,,5.0
MER-012239,TN-0179,ON,BIZ-500,640.0,500,0.0,0,4,0.0,,0,0,313.32,2026-06-30,0.0
MER-012246,TN-0180,QC,BIZ-250,380.0,250,0.0,0,3,0.0,,0,0,0.0,,8.0
MER-012253,TN-0181,BC,ENT-5000,4200.0,5000,2400.0,26,14,75.0,2026-07-06,0,0,849.79,2026-06-19,3.0
MER-012260,TN-0182,AB,ENT-2500,2400.0,2500,0.0,0,14,75.0,2026-07-18,0,0,0.0,,5.0
MER-012267,TN-0183,ON,ENT-1000,1150.0,1000,0.0,0,4,0.0,,18,27,0.0,,4.0
MER-012274,TN-0184,QC,BIZ-500,640.0,500,380.0,26,1,0.0,,0,0,300.81,2026-06-10,5.0
MER-012281,TN-0185,BC,BIZ-250,380.0,250,0.0,0,6,120.0,2026-06-24,0,0,0.0,,5.0
MER-012288,TN-0186,AB,ENT-5000,4200.0,5000,0.0,0,2,350.0,2026-07-18,0,0,453.44,2026-06-10,4.0
MER-012295,TN-0187,ON,ENT-2500,2400.0,2500,1150.0,4,22,0.0,,0,0,0.0,,5.0
MER-012302,TN-0188,QC,ENT-1000,1150.0,1000,0.0,0,3,0.0,,0,0,0.0,,4.0
MER-012309,TN-0189,BC,BIZ-500,640.0,500,0.0,0,1,75.0,2026-07-06,0,0,534.7,2026-06-25,3.0
MER-012316,TN-0190,AB,BIZ-250,380.0,250,4200.0,26,14,75.0,2026-07-06,0,0,0.0,,0.0
MER-012323,TN-0191,ON,ENT-5000,4200.0,5000,0.0,0,4,0.0,,0,0,2322.31,2026-06-14,5.0
MER-012330,TN-0192,QC,ENT-2500,2400.0,2500,0.0,0,1,0.0,,0,0,0.0,,3.0
MER-012337,TN-0193,BC,ENT-1000,1150.0,1000,640.0,26,8,120.0,2026-07-12,0,0,0.0,,0.0
MER-012344,TN-0194,AB,BIZ-500,640.0,500,0.0,0,4,350.0,2026-06-29,0,0,719.24,2026-06-30,4.0
MER-012351,TN-0195,ON,BIZ-250,380.0,250,0.0,0,1,0.0,,0,0,0.0,,4.0
MER-012358,TN-0196,QC,ENT-5000,4200.0,5000,2400.0,9,6,0.0,,0,0,643.51,2026-06-10,8.0
MER-012365,TN-0197,BC,ENT-2500,2400.0,2500,0.0,0,22,350.0,2026-06-29,0,0,0.0,,0.0
MER-012372,TN-0198,AB,ENT-1000,1150.0,1000,0.0,0,11,350.0,2026-06-22,0,0,0.0,,8.0
MER-012379,TN-0199,ON,BIZ-500,640.0,500,380.0,21,6,0.0,,0,0,2261.64,2026-06-30,0.0
MER-012386,TN-0200,QC,BIZ-250,380.0,250,0.0,0,8,0.0,,0,0,0.0,,3.0
